{"best_treshold": 0.45000000000000007, "f1_macro": 0.790442705154419, "f1_micro": 0.8020640015602112, "f1_weighted": 0.800031304359436, "precision_macro": 0.7980473041534424, "precision_micro": 0.8134599924087524, "precision_weighted": 0.8117368221282959, "recall_macro": 0.7862442135810852, "recall_micro": 0.7909829616546631, "recall_weighted": 0.7909829020500183}