{"best_treshold": 0.25, "f1_macro": 0.46780523657798767, "f1_micro": 0.5710432529449463, "f1_weighted": 0.542668879032135, "precision_macro": 0.4995061159133911, "precision_micro": 0.5362460613250732, "precision_weighted": 0.522615909576416, "recall_macro": 0.5056433081626892, "recall_micro": 0.6106697916984558, "recall_weighted": 0.6106697916984558}