{"best_treshold": 0.30000000000000004, "f1_macro": 0.4164055585861206, "f1_micro": 0.5365586876869202, "f1_weighted": 0.5082312226295471, "precision_macro": 0.455996036529541, "precision_micro": 0.5144583582878113, "precision_weighted": 0.5107876062393188, "recall_macro": 0.4538002610206604, "recall_micro": 0.5606430768966675, "recall_weighted": 0.5606431365013123}