{"best_treshold": 0.4, "f1_macro": 0.7435646057128906, "f1_micro": 0.7596327066421509, "f1_weighted": 0.7558521628379822, "precision_macro": 0.7471330165863037, "precision_micro": 0.7613697052001953, "precision_weighted": 0.7581282258033752, "recall_macro": 0.7470117807388306, "recall_micro": 0.7579036951065063, "recall_weighted": 0.7579036355018616}