{"best_top_k": 1, "f1_macro": 0.8907204270362854, "f1_micro": 0.9065972566604614, "f1_weighted": 0.9092553853988647, "precision_macro": 0.806840181350708, "precision_micro": 0.8291522264480591, "precision_weighted": 0.8371498584747314, "recall_macro": 1.0, "recall_micro": 1.0, "recall_weighted": 0.9999999403953552}