{"best_treshold": 0.4, "f1_macro": 0.7435646057128906, "f1_micro": 0.7596327066421509, "f1_micro_weighted": 0.7558521628379822}